rental_id,duration,bike_id,end_date,end_station_id,end_station_name,start_date,start_station_id,start_station_name,end_station_logical_terminal,start_station_logical_terminal,end_station_priority_id
47469109,3180,7054,9/3/2015 12:45:00,111,"Park Lane , Hyde Park",9/3/2015 11:52:00,300,"Serpentine Car Park, Hyde Park",,,
46915469,7380,3792,8/16/2015 11:59:00,407,"Speakers' Corner 1, Hyde Park",8/16/2015 9:56:00,407,"Speakers' Corner 1, Hyde Park",,,
65899423,2040,3038,6/9/2017 18:30:00,165,"Orsett Terrace, Bayswater",6/9/2017 17:56:00,579,"Queen Street 2, Bank",,,
64280726,2280,10868,4/22/2017 10:14:00,553,"Regent's Row , Haggerston",4/22/2017 9:36:00,519,"Teviot Street, Poplar",,,
59235489,2340,7183,10/9/2016 4:31:00,100,"Albert Embankment, Vauxhall",10/9/2016 3:52:00,612,"Wandsworth Rd, Isley Court, Wandsworth Road",,,
55248935,2160,7619,6/26/2016 7:26:00,465,"Pitfield Street North,Hoxton",6/26/2016 6:50:00,459,"Gunmakers Lane, Old Ford",,,
43015438,5400,2779,4/27/2015 22:50:00,772,"Binfield Road, Stockwell",4/27/2015 21:20:00,157,"Wright's Lane, Kensington",,,
61090882,1980,1710,12/15/2016 21:16:00,487,"Canton Street, Poplar",12/15/2016 20:43:00,564,"Somerset House, Strand",,,
47150505,2400,6748,8/22/2015 17:15:00,291,"Claverton Street, Pimlico",8/22/2015 16:35:00,248,"Triangle Car Park, Hyde Park",,,
54154089,3000,12290,5/23/2016 22:03:00,785,"Aquatic Centre, Queen Elizabeth Olympic Park",5/23/2016 21:13:00,785,"Aquatic Centre, Queen Elizabeth Olympic Park",,,
52607737,6540,11430,4/3/2016 16:39:00,304,"Cumberland Gate, Hyde Park",4/3/2016 14:50:00,382,"Farm Street, Mayfair",,,
49135790,1980,9338,10/27/2015 14:29:00,209,"Denyer Street, Knightsbridge",10/27/2015 13:56:00,127,"Wood Street, Guildhall",,,
50251732,2580,9160,12/12/2015 13:12:00,229,"Whitehall Place, Strand",12/12/2015 12:29:00,421,"Southwark Station 2, Southwark",,,
57635395,6060,1532,8/25/2016 17:45:00,784,"East Village, Queen Elizabeth Olympic Park",8/25/2016 16:04:00,260,"Broadwick Street, Soho",,,
57394441,3480,682,8/18/2016 19:01:00,273,"Belvedere Road, South Bank",8/18/2016 18:03:00,785,"Aquatic Centre, Queen Elizabeth Olympic Park",,,
63440296,2280,8998,3/27/2017 17:52:00,300,"Serpentine Car Park, Hyde Park",3/27/2017 17:14:00,111,"Park Lane , Hyde Park",,,
56033125,2040,5099,7/17/2016 15:46:00,742,"Blenheim Crescent, Ladbroke Grove",7/17/2016 15:12:00,559,"Abbotsbury Road, Holland Park",,,
43582790,5760,8746,5/17/2015 1:23:00,534,"Goldsmith's Row, Haggerston",5/16/2015 23:47:00,484,"Bromley High Street, Bow",,,
64011544,18060,6971,4/12/2017 23:44:00,130,"Tower Gardens , Tower",4/12/2017 18:43:00,130,"Tower Gardens , Tower",,,
59682549,2220,2527,10/23/2016 14:59:00,764,"St. John's Road, Clapham Junction",10/23/2016 14:22:00,291,"Claverton Street, Pimlico",,,
45003009,4800,4070,6/27/2015 20:18:00,508,"Fournier Street, Whitechapel",6/27/2015 18:58:00,160,"Waterloo Place, St. James's",,,
45451700,2940,3174,7/9/2015 8:22:00,316,"Cardinal Place, Victoria",7/9/2015 7:33:00,705,"Upper Richmond Road, Putney",,,
62292474,2160,6763,2/10/2017 9:56:00,84,"Breams Buildings, Holborn",2/10/2017 9:20:00,764,"St. John's Road, Clapham Junction",,,
42697920,6540,8273,4/17/2015 15:40:00,156,"New Kent Road, Borough",4/17/2015 13:51:00,156,"New Kent Road, Borough",,,
65954620,2820,4064,6/11/2017 11:57:00,584,"Ilchester Gardens, Bayswater",6/11/2017 11:10:00,806,"Handyside Street, King's Cross",,,
45106787,3480,10539,6/30/2015 18:27:00,247,"St. John's Wood Church, The Regent's Park",6/30/2015 17:29:00,329,"Prince Albert Road, The Regent's Park",,,
62984855,2460,923,3/11/2017 9:57:00,386,"Moor Street, Soho",3/11/2017 9:16:00,130,"Tower Gardens , Tower",,,
50570046,2040,9679,12/29/2015 13:45:00,160,"Waterloo Place, St. James's",12/29/2015 13:11:00,180,"North Audley Street, Mayfair",,,
45884756,4800,12284,7/19/2015 17:29:00,64,"William IV Street, Strand",7/19/2015 16:09:00,300,"Serpentine Car Park, Hyde Park",,,
51499261,1720380,9456,3/4/2016 9:28:00,29,"Hereford Road, Bayswater",2/13/2016 11:35:00,238,"Frampton Street, Paddington",,,
60954359,1980,7249,12/10/2016 14:55:00,333,"Palace Gardens Terrace, Notting Hill",12/10/2016 14:22:00,248,"Triangle Car Park, Hyde Park",,,
57131041,2760,10527,8/12/2016 19:26:00,397,"Devonshire Terrace, Bayswater",8/12/2016 18:40:00,541,"Green Park Station, Mayfair",,,
48287878,2160,11231,9/29/2015 16:44:00,114,"Park Road (Baker Street), The Regent's Park",9/29/2015 16:08:00,271,"London Zoo,  The Regent's Park",,,
46577133,2040,9634,8/6/2015 20:25:00,671,"Parsons Green Station, Parsons Green",8/6/2015 19:51:00,350,"Queen's Gate, Kensington Gardens",,,
59128827,2460,769,10/5/2016 19:53:00,511,"Sutton Street, Shadwell",10/5/2016 19:12:00,169,"Porchester Place, Paddington",,,
57049233,3120,3907,8/10/2016 19:45:00,29,"Hereford Road, Bayswater",8/10/2016 18:53:00,111,"Park Lane , Hyde Park",,,
43757302,16920,1825,5/22/2015 20:28:00,475,"Lightermans Road, Millwall",5/22/2015 15:46:00,530,"Newby Place, Poplar",,,
56144566,2640,2065,7/19/2016 21:38:00,29,"Hereford Road, Bayswater",7/19/2016 20:54:00,64,"William IV Street, Strand",,,
58874924,2400,856,9/28/2016 11:59:00,15,"Great Russell Street, Bloomsbury",9/28/2016 11:19:00,288,"Elizabeth Bridge, Victoria",,,
56349954,13020,5331,7/24/2016 20:51:00,780,"Imperial Wharf Station, Sands End",7/24/2016 17:14:00,219,"Bramham Gardens, Earl's Court",,,
63007771,29820,1831,3/12/2017 3:07:00,273,"Belvedere Road 1, South Bank",3/11/2017 17:50:00,508,"Fournier Street, Whitechapel",,,
46095087,2280,3900,7/25/2015 17:04:00,114,"Park Road (Baker Street), The Regent's Park",7/25/2015 16:26:00,114,"Park Road (Baker Street), The Regent's Park",,,
57770428,3360,13019,8/29/2016 15:17:00,338,"Wellington Street , Strand",8/29/2016 14:21:00,166,"Seville Street, Knightsbridge",,,
57034220,1980,3894,8/10/2016 14:39:00,540,"Albany Street, The Regent's Park",8/10/2016 14:06:00,124,"Eaton Square, Belgravia",,,
65225525,2760,814,5/22/2017 17:51:00,656,"Broomhouse Lane, Parsons Green",5/22/2017 17:05:00,116,"Little Argyll Street, West End",,,
52308480,2640,8235,3/21/2016 15:02:00,407,"Speakers' Corner 1, Hyde Park",3/21/2016 14:18:00,222,"Knightsbridge, Hyde Park",,,
54779360,4920,8669,6/11/2016 12:06:00,719,"Victoria Park Road, Hackney Central",6/11/2016 10:44:00,699,"Belford House, Haggerston",,,
64698268,2340,12660,5/6/2017 0:46:00,521,"Driffield Road, Old Ford",5/6/2017 0:07:00,32,"Leonard Circus , Shoreditch",,,
51580957,2280,8783,2/17/2016 14:00:00,785,"Aquatic Centre, Queen Elizabeth Olympic Park",2/17/2016 13:22:00,785,"Aquatic Centre, Queen Elizabeth Olympic Park",,,
62822885,60,3499,3/4/2017 21:27:00,613,"Woodstock Grove, Shepherd's Bush",3/4/2017 21:26:00,647,"Richmond Way, Shepherd's Bush",,,
44380288,3000,5409,6/10/2015 18:10:00,610,"Danvers Street, West Chelsea",6/10/2015 17:20:00,32,"Leonard Circus , Shoreditch",,,
61388315,2340,7841,12/31/2016 14:22:00,792,"Blackfriars Road, Southwark",12/31/2016 13:43:00,74,"Vauxhall Cross, Vauxhall",,,
49207086,57720,7156,10/30/2015 17:22:00,43,"Crawford Street, Marylebone",10/30/2015 1:20:00,367,"Harrowby Street, Marylebone",,,
47001174,5100,4663,8/18/2015 17:49:00,550,"Harford Street, Mile End",8/18/2015 16:24:00,579,"Queen Street 2, Bank",,,
58936904,60,12003,9/29/2016 23:30:00,401,"Columbia Road, Shoreditch",9/29/2016 23:29:00,39,"Shoreditch High Street, Shoreditch",,,
64538333,2220,8020,4/30/2017 16:21:00,625,"Queen's Circus, Battersea Park",4/30/2017 15:44:00,664,"Austin Road, Battersea Park",,,
59673338,2940,11933,10/23/2016 10:49:00,337,"Pembridge Villas, Notting Hill",10/23/2016 10:00:00,191,"Hyde Park Corner, Hyde Park",,,
63683020,2160,3884,4/3/2017 22:23:00,410,"Edgware Road Station, Marylebone",4/3/2017 21:47:00,367,"Harrowby Street, Marylebone",,,
64585562,3120,13686,5/2/2017 14:30:00,114,"Park Road (Baker Street), The Regent's Park",5/2/2017 13:38:00,28,"Bolsover Street, Fitzrovia",,,
65649835,2160,1608,6/2/2017 9:18:00,66,"Holborn Circus, Holborn",6/2/2017 8:42:00,487,"Canton Street, Poplar",,,
57476946,9300,13964,8/21/2016 18:28:00,533,"Wellington Row, Bethnal Green",8/21/2016 15:53:00,534,"Goldsmith's Row, Haggerston",,,
65679626,4860,8603,6/3/2017 3:11:00,83,"Panton Street, West End",6/3/2017 1:50:00,55,"Finsbury Circus, Liverpool Street",,,
55886791,3540,11004,7/13/2016 20:33:00,691,"Erin Close, Walham Green",7/13/2016 19:34:00,408,"Paddington Green Police Station, Paddington",,,
45455843,2460,8581,7/9/2015 8:50:00,180,"North Audley Street, Mayfair",7/9/2015 8:09:00,314,"Tyers Gate, Bermondsey",,,
58470884,2040,10590,9/17/2016 13:52:00,224,"Whiteley's, Bayswater",9/17/2016 13:18:00,737,"Fulham Broadway, Walham Green",,,
56564568,62160,13871,7/30/2016 17:56:00,477,"Spindrift Avenue, Millwall",7/30/2016 0:40:00,237,"Dock Street, Wapping",,,
46546964,2100,11103,8/6/2015 14:50:00,643,"All Saints' Road, Portobello",8/6/2015 14:15:00,315,"The Tennis Courts, The Regent's Park",,,
41999754,4680,4698,3/21/2015 13:32:00,623,"Nantes Close, Wandsworth",3/21/2015 12:14:00,675,"Usk Road, Battersea",,,
56115552,7740,5989,7/19/2016 13:53:00,85,"Tanner Street, Bermondsey",7/19/2016 11:44:00,85,"Tanner Street, Bermondsey",,,
62490123,2220,4259,2/19/2017 13:04:00,6,"Broadcasting House, Marylebone",2/19/2017 12:27:00,545,"Arlington Road, Camden Town",,,
57189689,3360,4124,8/14/2016 9:43:00,508,"Fournier Street, Whitechapel",8/14/2016 8:47:00,721,"Wendon Street, Old Ford",,,
56477103,3900,8743,7/27/2016 19:40:00,200,"LMU Commercial Road, Whitechapel",7/27/2016 18:35:00,309,"Embankment (Savoy), Strand",,,
40820181,0,12106,1/26/2015 20:31:00,135,"Clerkenwell Green, Clerkenwell",1/26/2015 20:31:00,135,"Clerkenwell Green, Clerkenwell",,,
59306924,2400,1868,10/11/2016 10:43:00,491,"Queen Mary's, Mile End",10/11/2016 10:03:00,548,"Westminster Bridge Road, Elephant & Castle",,,
54527190,4140,5652,6/4/2016 21:02:00,248,"Triangle Car Park, Hyde Park",6/4/2016 19:53:00,248,"Triangle Car Park, Hyde Park",,,
62785868,2940,9839,3/3/2017 12:52:00,50,"East Road, Hoxton",3/3/2017 12:03:00,574,"Eagle Wharf Road, Hoxton",,,
58341372,3000,7591,9/13/2016 20:57:00,114,"Park Road (Baker Street), The Regent's Park",9/13/2016 20:07:00,114,"Park Road (Baker Street), The Regent's Park",,,
42344434,4920,7127,4/6/2015 16:04:00,682,"Crisp Road, Hammersmith",4/6/2015 14:42:00,644,"Rainville Road, Hammersmith",,,
48004596,2340,10444,9/20/2015 16:16:00,762,"Storey's Gate, Westminster",9/20/2015 15:37:00,762,"Storey's Gate, Westminster",,,
62174687,4860,13867,2/5/2017 16:56:00,568,"Bishop's Bridge Road West, Bayswater",2/5/2017 15:35:00,568,"Bishop's Bridge Road West, Bayswater",,,
47382077,4380,4013,8/30/2015 19:35:00,673,"Hibbert Street, Clapham Junction",8/30/2015 18:22:00,242,"Beaumont Street, Marylebone",,,
50937614,2880,9656,1/18/2016 19:39:00,713,"Hawley Crescent, Camden Town",1/18/2016 18:51:00,345,"Flood Street, Chelsea",,,
57330594,2700,2227,8/17/2016 10:11:00,375,"Kensington Town Hall, Kensington",8/17/2016 9:26:00,36,"De Vere Gardens, Kensington",,,
46332202,2520,11384,8/1/2015 15:59:00,404,"Palace Gate, Kensington Gardens",8/1/2015 15:17:00,303,"Albert Gate, Hyde Park",,,
50584696,4140,575,12/30/2015 12:35:00,432,"Exhibition Road Museums, South Kensington",12/30/2015 11:26:00,428,"Exhibition Road, Knightsbridge",,,
58428200,7320,10792,9/15/2016 18:07:00,222,"Knightsbridge, Hyde Park",9/15/2016 16:05:00,191,"Hyde Park Corner, Hyde Park",,,
56188675,2280,1747,7/20/2016 20:22:00,612,"Wandsworth Rd, Isley Court, Wandsworth Road",7/20/2016 19:44:00,52,"Roscoe Street, St. Luke's",,,
42448070,2160,2137,4/9/2015 19:10:00,764,"St. John's Road, Clapham Junction",4/9/2015 18:34:00,406,"Speakers' Corner 2, Hyde Park",,,
46546329,5280,75,8/6/2015 15:30:00,114,"Park Road (Baker Street), The Regent's Park",8/6/2015 14:02:00,45,"Boston Place, Marylebone",,,
59934302,7440,3987,10/31/2016 12:56:00,167,"Eccleston Place, Victoria",10/31/2016 10:52:00,307,"Black Lion Gate, Kensington Gardens",,,
52772447,3000,10167,4/9/2016 19:22:00,718,"Ada Street, Hackney Central",4/9/2016 18:32:00,395,"Cadogan Gardens, Chelsea",,,
52112946,4680,499,3/13/2016 15:01:00,213,"Wellington Arch, Hyde Park",3/13/2016 13:43:00,159,"Great Marlborough Street, Soho",,,
44658660,2040,10281,6/18/2015 11:51:00,248,"Triangle Car Park, Hyde Park",6/18/2015 11:17:00,248,"Triangle Car Park, Hyde Park",,,
63185199,3360,12490,3/17/2017 16:43:00,248,"Triangle Car Park, Hyde Park",3/17/2017 15:47:00,111,"Park Lane , Hyde Park",,,
53390304,3600,2224,5/2/2016 14:16:00,319,"Baldwin Street, St. Luke's",5/2/2016 13:16:00,39,"Shoreditch High Street, Shoreditch",,,
57786728,2460,11538,8/29/2016 20:10:00,301,"Marylebone Lane, Marylebone",8/29/2016 19:29:00,224,"Whiteley's, Bayswater",,,
52181801,18300,1378,3/16/2016 12:50:00,268,"Belgrave Road, Victoria",3/16/2016 7:45:00,268,"Belgrave Road, Victoria",,,
44374475,2220,5757,6/10/2015 15:06:00,670,"Ashley Crescent, Battersea",6/10/2015 14:29:00,16,"Cartwright Gardens , Bloomsbury",,,
40691629,2400,12833,1/21/2015 5:54:00,55,"Finsbury Circus, Liverpool Street",1/21/2015 5:14:00,47,"Warwick Avenue Station, Maida Vale",,,
55905616,4080,12050,7/14/2016 12:06:00,252,"Jubilee Gardens, South Bank",7/14/2016 10:58:00,307,"Black Lion Gate, Kensington Gardens",,,
53841307,2400,13260,5/14/2016 20:14:00,272,"Baylis Road, Waterloo",5/14/2016 19:34:00,112,"Stonecutter Street, Holborn",,,
52163641,4860,6754,3/15/2016 13:01:00,276,"Lower Thames Street, Monument",3/15/2016 11:40:00,9,"New Globe Walk, Bankside",,,
45282729,3180,3818,7/4/2015 20:10:00,255,"Clifton Road, Maida Vale",7/4/2015 19:17:00,315,"The Tennis Courts, The Regent's Park",,,
62288170,1980,7362,2/10/2017 8:26:00,116,"Little Argyll Street, West End",2/10/2017 7:53:00,671,"Parsons Green Station, Parsons Green",,,
46205416,2340,10499,7/29/2015 11:25:00,356,"South Kensington Station, South Kensington",7/29/2015 10:46:00,166,"Seville Street, Knightsbridge",,,
61250391,60,4026,12/22/2016 18:12:00,54,"Golden Lane, Barbican",12/22/2016 18:11:00,95,"Aldersgate Street, Barbican",,,
47375897,4500,5522,8/30/2015 16:49:00,598,"Southerton Road, Hammersmith",8/30/2015 15:34:00,682,"Crisp Road, Hammersmith",,,
57339728,14340,3941,8/17/2016 18:32:00,654,"Ashmole Estate, Oval",8/17/2016 14:33:00,411,"Walworth Road, Elephant & Castle",,,
65925163,2220,13726,6/10/2017 14:52:00,349,"St. George Street, Mayfair",6/10/2017 14:15:00,646,"Buckingham Gate, Westminster",,,
55498966,2400,9754,7/3/2016 16:52:00,213,"Wellington Arch, Hyde Park",7/3/2016 16:12:00,426,"Vincent Street, Pimlico",,,
50892815,3780,1148,1/16/2016 13:05:00,768,"Clapham Common North side, Clapham Common",1/16/2016 12:02:00,753,"Hammersmith Town Hall, Hammersmith",,,
47776205,2220,2360,9/12/2015 20:16:00,396,"Shouldham Street, Marylebone",9/12/2015 19:39:00,129,"Golden Square, Soho",,,
42696629,2520,11752,4/17/2015 13:44:00,253,"Shoreditch Park, Hoxton",4/17/2015 13:02:00,251,"Brushfield Street, Liverpool Street",,,
49259818,2040,8198,10/31/2015 22:22:00,9,"New Globe Walk, Bankside",10/31/2015 21:48:00,229,"Whitehall Place, Strand",,,
59757671,2520,14067,10/25/2016 20:38:00,665,"Smugglers Way, Wandsworth",10/25/2016 19:56:00,568,"Bishop's Bridge Road West, Bayswater",,,
62013927,3300,12482,1/29/2017 13:38:00,747,"Ormonde Gate, Chelsea",1/29/2017 12:43:00,734,"Plough Terrace, Clapham Junction",,,
42019806,2100,5968,3/22/2015 14:35:00,406,"Speakers' Corner 2, Hyde Park",3/22/2015 14:00:00,406,"Speakers' Corner 2, Hyde Park",,,
56137673,7260,4397,7/19/2016 20:52:00,618,"Eel Brook Common, Walham Green",7/19/2016 18:51:00,356,"South Kensington Station, South Kensington",,,
59743055,2040,5436,10/25/2016 14:50:00,710,"Albert Bridge Road, Battersea Park",10/25/2016 14:16:00,220,"Chelsea Green, Chelsea",,,
57561392,2700,1676,8/23/2016 19:29:00,457,"Castlehaven Road, Camden Town",8/23/2016 18:44:00,326,"Graham Street, Angel",,,
44010264,2460,3294,5/30/2015 14:34:00,439,"Killick Street, King's Cross",5/30/2015 13:53:00,717,"Dunston Road , Haggerston",,,
51742777,88260,7524,2/26/2016 8:22:00,461,"Aston Street, Stepney",2/25/2016 7:51:00,721,"Wendon Street, Old Ford",,,
65501618,2220,1570,5/29/2017 15:36:00,300,"Serpentine Car Park, Hyde Park",5/29/2017 14:59:00,111,"Park Lane , Hyde Park",,,
43820186,2100,10502,5/24/2015 18:00:00,357,"Howland Street, Fitzrovia",5/24/2015 17:25:00,149,"Kennington Road Post Office, Oval",,,
42255309,3780,10622,4/1/2015 19:48:00,607,"Putney Bridge Station, Fulham",4/1/2015 18:45:00,215,"Moorfields, Moorgate",,,
41966419,60,1824,3/19/2015 21:45:00,286,"St. John's Wood Road, St. John's Wood",3/19/2015 21:44:00,363,"Lord's, St. John's Wood",,,
51293009,2220,6255,2/3/2016 19:45:00,731,"Michael Road, Walham Green",2/3/2016 19:08:00,55,"Finsbury Circus, Liverpool Street",,,
57573131,3240,7981,8/24/2016 7:57:00,545,"Arlington Road, Camden Town",8/24/2016 7:03:00,545,"Arlington Road, Camden Town",,,
51946106,3600,11280,3/5/2016 16:18:00,244,"Earnshaw Street , Covent Garden",3/5/2016 15:18:00,350,"Queen's Gate, Kensington Gardens",,,
53815179,3900,5790,5/14/2016 6:09:00,708,"Disraeli Road, Putney",5/14/2016 5:04:00,708,"Disraeli Road, Putney",,,
45620376,3180,10846,7/12/2015 12:14:00,213,"Wellington Arch, Hyde Park",7/12/2015 11:21:00,661,"All Saints Church, Portobello",,,
40489043,2760,12696,1/11/2015 16:01:00,160,"Waterloo Place, St. James's",1/11/2015 15:15:00,160,"Waterloo Place, St. James's",,,
46554252,3960,4544,8/6/2015 17:21:00,571,"Westfield Southern Terrace ,Shepherd's Bush",8/6/2015 16:15:00,462,"Bonny Street, Camden Town",,,
65351224,2460,929,5/25/2017 16:00:00,228,"St. James's Square, St. James's",5/25/2017 15:19:00,307,"Black Lion Gate, Kensington Gardens",,,
52584408,4860,744,4/2/2016 16:33:00,406,"Speakers' Corner 2, Hyde Park",4/2/2016 15:12:00,406,"Speakers' Corner 2, Hyde Park",,,
62667479,2700,2363,2/26/2017 14:19:00,197,"Stamford Street, South Bank",2/26/2017 13:34:00,810,"Tate Modern, Bankside",,,
59900190,1980,12080,10/30/2016 9:23:00,213,"Wellington Arch, Hyde Park",10/30/2016 8:50:00,301,"Marylebone Lane, Marylebone",,,
49110901,0,4118,10/26/2015 17:51:00,32,"Leonard Circus , Shoreditch",10/26/2015 17:51:00,32,"Leonard Circus , Shoreditch",,,
61898564,3060,14336,1/24/2017 12:53:00,257,"Westminster University, Marylebone",1/24/2017 12:02:00,180,"North Audley Street, Mayfair",,,
62992197,2100,4709,3/11/2017 13:30:00,793,"Cromer Street, Bloomsbury",3/11/2017 12:55:00,421,"Southwark Station 2, Southwark",,,
55717518,3720,7910,7/8/2016 21:47:00,411,"Walworth Road, Elephant & Castle",7/8/2016 20:45:00,329,"Prince Albert Road, The Regent's Park",,,
48602836,2700,259,10/9/2015 12:40:00,130,"Tower Gardens , Tower",10/9/2015 11:55:00,229,"Whitehall Place, Strand",,,
64059615,7440,13272,4/14/2017 16:17:00,785,"Aquatic Centre, Queen Elizabeth Olympic Park",4/14/2017 14:13:00,785,"Aquatic Centre, Queen Elizabeth Olympic Park",,,
62173621,5520,12214,2/5/2017 16:25:00,109,"Soho Square , Soho",2/5/2017 14:53:00,341,"Craven Street, Strand",,,
62166835,2400,5295,2/5/2017 10:42:00,518,"Antill Road, Mile End",2/5/2017 10:02:00,523,"Langdon Park, Poplar",,,
43379930,4140,11332,5/10/2015 18:09:00,304,"Cumberland Gate, Hyde Park",5/10/2015 17:00:00,406,"Speakers' Corner 2, Hyde Park",,,
64103865,8040,10272,4/16/2017 13:33:00,13,"Scala Street, Fitzrovia",4/16/2017 11:19:00,111,"Park Lane , Hyde Park",,,
50765088,1980,11689,1/10/2016 16:42:00,601,"BBC White City, White City",1/10/2016 16:09:00,643,"All Saints' Road, Portobello",,,
49078802,10140,2733,10/25/2015 18:03:00,247,"St. John's Wood Church, The Regent's Park",10/25/2015 15:14:00,758,"Westbourne Park Road, Portobello",,,
52632501,3600,5286,4/4/2016 15:05:00,572,"Greenland Road, Camden Town",4/4/2016 14:05:00,512,"Pritchard's Road, Bethnal Green",,,
59002842,4800,12246,10/2/2016 15:06:00,277,"Kensington Church Street, Kensington",10/2/2016 13:46:00,404,"Palace Gate, Kensington Gardens",,,
42613487,2280,9423,4/15/2015 7:21:00,356,"South Kensington Station, South Kensington",4/15/2015 6:43:00,115,"Braham Street, Aldgate",,,
46660645,5400,13008,8/8/2015 21:05:00,370,"Paddington Green, Paddington",8/8/2015 19:35:00,407,"Speakers' Corner 1, Hyde Park",,,
43479526,2220,6626,5/13/2015 15:42:00,9,"New Globe Walk, Bankside",5/13/2015 15:05:00,320,"Queen Mother Sports Centre, Victoria",,,
63507294,2280,5126,3/29/2017 18:19:00,280,"Royal Avenue 2, Chelsea",3/29/2017 17:41:00,757,"Harcourt Terrace, West Brompton",,,
47844520,7740,4380,9/15/2015 12:54:00,213,"Wellington Arch, Hyde Park",9/15/2015 10:45:00,524,"Lancaster Gate , Bayswater",,,
53363124,2100,1756,5/1/2016 14:28:00,298,"Curlew Street, Shad Thames",5/1/2016 13:53:00,55,"Finsbury Circus, Liverpool Street",,,
48187579,7200,9653,9/26/2015 18:04:00,354,"Northumberland Avenue, Strand",9/26/2015 16:04:00,193,"Bankside Mix, Bankside",,,
52501541,2400,1847,3/30/2016 18:51:00,518,"Antill Road, Mile End",3/30/2016 18:11:00,588,"Hoxton Street, Hoxton",,,
51131787,4140,9976,1/27/2016 17:31:00,181,"Belgrave Square, Belgravia",1/27/2016 16:22:00,181,"Belgrave Square, Belgravia",,,
53337737,7200,13020,4/30/2016 16:31:00,473,"Millharbour, Millwall",4/30/2016 14:31:00,482,"Thornfield House, Poplar",,,
63847540,4020,521,4/8/2017 16:22:00,111,"Park Lane , Hyde Park",4/8/2017 15:15:00,111,"Park Lane , Hyde Park",,,
54571150,3720,6670,6/5/2016 21:35:00,248,"Triangle Car Park, Hyde Park",6/5/2016 20:33:00,411,"Walworth Road, Elephant & Castle",,,
56790803,2580,7805,8/4/2016 17:54:00,213,"Wellington Arch, Hyde Park",8/4/2016 17:11:00,541,"Green Park Station, Mayfair",,,
46610934,2160,2636,8/7/2015 17:50:00,97,"Gloucester Road (North), Kensington",8/7/2015 17:14:00,113,"Gloucester Road (Central), South Kensington",,,
60948676,2340,13129,12/10/2016 11:15:00,354,"Northumberland Avenue, Strand",12/10/2016 10:36:00,111,"Park Lane , Hyde Park",,,
50511664,6720,1725,12/25/2015 15:21:00,248,"Triangle Car Park, Hyde Park",12/25/2015 13:29:00,37,"Penywern Road, Earl's Court",,,
57417191,6600,10339,8/19/2016 15:04:00,406,"Speakers' Corner 2, Hyde Park",8/19/2016 13:14:00,406,"Speakers' Corner 2, Hyde Park",,,
43802089,2100,9101,5/24/2015 10:36:00,242,"Beaumont Street, Marylebone",5/24/2015 10:01:00,296,"Knaresborough Place, Earl's Court",,,
54385920,2340,13418,5/30/2016 17:41:00,762,"Storey's Gate, Westminster",5/30/2016 17:02:00,156,"New Kent Road, The Borough",,,
43035967,2040,6764,4/28/2015 17:16:00,332,"Nevern Place, Earl's Court",4/28/2015 16:42:00,56,"Paddington Street, Marylebone",,,
63477040,2040,14805,3/28/2017 18:28:00,730,"Bridge Avenue, Hammersmith",3/28/2017 17:54:00,668,"Ravenscourt Park Station, Hammersmith",,,
65421055,32220,5666,5/27/2017 10:11:00,77,"Russell Square Station, Bloomsbury",5/27/2017 1:14:00,93,"Cloudesley Road, Angel",,,
55044955,3180,10546,6/19/2016 17:58:00,226,"Charles II Street, West End",6/19/2016 17:05:00,29,"Hereford Road, Bayswater",,,
46714288,2580,6316,8/10/2015 8:47:00,573,"Limerston Street, West Chelsea",8/10/2015 8:04:00,465,"Pitfield Street North,Hoxton",,,
46724914,4800,5529,8/10/2015 14:29:00,769,"Sandilands Road, Walham Green",8/10/2015 13:09:00,671,"Parsons Green Station, Parsons Green",,,
64191895,2460,5176,4/19/2017 15:08:00,263,"St. Mary Axe, Aldgate",4/19/2017 14:27:00,203,"West Smithfield Rotunda, Farringdon",,,
46252707,5700,10023,7/30/2015 17:57:00,213,"Wellington Arch, Hyde Park",7/30/2015 16:22:00,213,"Wellington Arch, Hyde Park",,,
49255911,5160,9051,10/31/2015 19:35:00,407,"Speakers' Corner 1, Hyde Park",10/31/2015 18:09:00,407,"Speakers' Corner 1, Hyde Park",,,
61510138,3780,7432,1/7/2017 15:14:00,252,"Jubilee Gardens, South Bank",1/7/2017 14:11:00,541,"Green Park Station, Mayfair",,,
40490248,3540,1817,1/11/2015 17:00:00,732,"Duke Street Hill, London Bridge",1/11/2015 16:01:00,732,"Duke Street Hill, London Bridge",,,
48983209,0,3005,10/22/2015 6:59:00,399,"Brick Lane Market, Shoreditch",10/22/2015 6:59:00,399,"Brick Lane Market, Shoreditch",,,
40770263,2460,3039,1/24/2015 14:07:00,350,"Queen's Gate, Kensington Gardens",1/24/2015 13:26:00,213,"Wellington Arch, Hyde Park",,,
42392109,2160,5639,4/8/2015 8:15:00,49,"Curzon Street, Mayfair",4/8/2015 7:39:00,752,"Manfred Road, East Putney",,,
60363589,2580,14303,11/17/2016 9:24:00,254,"Chadwell Street, Angel",11/17/2016 8:41:00,302,"Putney Pier, Wandsworth",,,
51064942,2640,13173,1/24/2016 16:52:00,338,"Wellington Street , Strand",1/24/2016 16:08:00,687,"Maclise Road, Olympia",,,
43338013,3600,1233,5/9/2015 15:05:00,456,"Parkway, Camden Town",5/9/2015 14:05:00,446,"York Hall, Bethnal Green",,,
57769890,4920,3797,8/29/2016 15:33:00,719,"Victoria Park Road, Hackney Central",8/29/2016 14:11:00,719,"Victoria Park Road, Hackney Central",,,
52604301,4200,7112,4/3/2016 14:51:00,329,"Prince Albert Road, The Regent's Park",4/3/2016 13:41:00,326,"Graham Street, Angel",,,
65428705,1980,11868,5/27/2017 12:22:00,290,"Winsland Street, Paddington",5/27/2017 11:49:00,219,"Bramham Gardens, Earl's Court",,,
48199018,1980,3851,9/26/2015 22:07:00,347,"Lower Marsh, Waterloo",9/26/2015 21:34:00,744,"Ingrave Street, Clapham Junction",,,
52915878,2640,1637,4/14/2016 18:55:00,153,"Bayswater Road, Hyde Park",4/14/2016 18:11:00,407,"Speakers' Corner 1, Hyde Park",,,
43763299,2040,3685,5/22/2015 18:24:00,541,"Green Park Station, Mayfair",5/22/2015 17:50:00,246,"Berry Street, Clerkenwell",,,
44039848,3240,9924,5/31/2015 18:26:00,646,"Buckingham Gate, Westminster",5/31/2015 17:32:00,361,"Waterloo Station 2, Waterloo",,,
54673553,2100,8536,6/8/2016 17:46:00,19,"Taviton Street, Bloomsbury",6/8/2016 17:11:00,268,"Belgrave Road, Victoria",,,
42165228,4740,3778,3/28/2015 14:03:00,203,"West Smithfield Rotunda, Farringdon",3/28/2015 12:44:00,466,"Whiston Road, Haggerston",,,
42542237,2400,2733,4/12/2015 19:09:00,260,"Broadwick Street, Soho",4/12/2015 18:29:00,116,"Little Argyll Street, West End",,,
41044550,2700,8501,2/6/2015 18:36:00,288,"Elizabeth Bridge, Victoria",2/6/2015 17:51:00,432,"Exhibition Road Museums, Knightsbridge",,,
49703009,8940,10467,11/18/2015 16:51:00,425,"Harrington Square 2, Camden Town",11/18/2015 14:22:00,457,"Castlehaven Road, Camden Town",,,
45276413,8580,2335,7/4/2015 19:39:00,607,"Putney Bridge Station, Fulham",7/4/2015 17:16:00,335,"Tavistock Street, Covent Garden",,,
45512717,0,4560,7/9/2015 19:24:00,298,"Curlew Street, Shad Thames",7/9/2015 19:24:00,298,"Curlew Street, Shad Thames",,,
42819729,14220,3476,4/21/2015 19:54:00,406,"Speakers' Corner 2, Hyde Park",4/21/2015 15:57:00,406,"Speakers' Corner 2, Hyde Park",,,
56952923,6240,9101,8/8/2016 16:22:00,304,"Cumberland Gate, Hyde Park",8/8/2016 14:38:00,207,"Grosvenor Crescent, Belgravia",,,
52337606,5700,9321,3/22/2016 16:07:00,800,"Sopwith Way, Battersea Park",3/22/2016 14:32:00,148,"Tachbrook Street, Victoria",,,
43511195,2700,11888,5/14/2015 18:05:00,684,"Neville Gill Close, Wandsworth",5/14/2015 17:20:00,541,"Green Park Station, Mayfair",,,
54714711,1980,8338,6/9/2016 17:50:00,33,"Central House, Aldgate",6/9/2016 17:17:00,71,"Newgate Street , St. Paul's",,,
58985650,2220,13842,10/1/2016 17:29:00,741,"Freston Road, Avondale",10/1/2016 16:52:00,597,"Fulham Park Road, Fulham",,,
49884515,3540,9615,11/26/2015 16:21:00,255,"Clifton Road, Maida Vale",11/26/2015 15:22:00,255,"Clifton Road, Maida Vale",,,
60554007,3180,12584,11/25/2016 3:51:00,167,"Eccleston Place, Victoria",11/25/2016 2:58:00,537,"Old Montague Street, Whitechapel",,,
41691914,2100,8919,3/8/2015 16:58:00,137,"Bourne Street, Belgravia",3/8/2015 16:23:00,137,"Bourne Street, Belgravia",,,
53639655,5280,5050,5/8/2016 19:15:00,659,"Grant Road West, Clapham Junction",5/8/2016 17:47:00,166,"Seville Street, Knightsbridge",,,
50564224,2280,5494,12/29/2015 3:22:00,287,"Bedford Way, Bloomsbury",12/29/2015 2:44:00,50,"East Road, Hoxton",,,
52641524,2460,10031,4/4/2016 19:31:00,312,"Grove End Road, St. John's Wood",4/4/2016 18:50:00,556,"Heron Quays DLR, Canary Wharf",,,
63056768,2880,5981,3/13/2017 18:46:00,93,"Cloudesley Road, Angel",3/13/2017 17:58:00,93,"Cloudesley Road, Angel",,,
44587151,2280,10791,6/16/2015 16:58:00,518,"Antill Road, Mile End",6/16/2015 16:20:00,522,"Clinton Road, Mile End",,,
55262832,2940,13708,6/26/2016 15:53:00,335,"Tavistock Street, Covent Garden",6/26/2016 15:04:00,425,"Harrington Square 2, Camden Town",,,
54748878,2760,2901,6/10/2016 14:13:00,2,"Phillimore Gardens, Kensington",6/10/2016 13:27:00,2,"Phillimore Gardens, Kensington",,,
47668486,2460,7070,9/9/2015 19:03:00,201,"Dorset Square, Marylebone",9/9/2015 18:22:00,175,"Appold Street, Liverpool Street",,,
45395278,3000,11786,7/7/2015 20:00:00,609,"Sugden Road, Clapham",7/7/2015 19:10:00,74,"Vauxhall Cross, Vauxhall",,,
41255088,2460,81,2/17/2015 9:03:00,330,"Eastbourne Mews, Paddington",2/17/2015 8:22:00,743,"Oxford Road, Putney",,,
57195591,14640,4370,8/14/2016 16:06:00,130,"Tower Gardens , Tower",8/14/2016 12:02:00,160,"Waterloo Place, St. James's",,,
59596069,2460,1052,10/20/2016 16:48:00,252,"Jubilee Gardens, South Bank",10/20/2016 16:07:00,341,"Craven Street, Strand",,,
43122908,6360,12750,5/1/2015 15:07:00,213,"Wellington Arch, Hyde Park",5/1/2015 13:21:00,213,"Wellington Arch, Hyde Park",,,
55871968,3900,10261,7/13/2016 15:22:00,407,"Speakers' Corner 1, Hyde Park",7/13/2016 14:17:00,407,"Speakers' Corner 1, Hyde Park",,,
62175529,1980,2128,2/5/2017 16:44:00,811,"Westferry Circus, Canary Wharf",2/5/2017 16:11:00,511,"Sutton Street, Shadwell",,,
43370328,3300,10576,5/10/2015 15:01:00,769,"Sandilands Road, Walham Green",5/10/2015 14:06:00,56,"Paddington Street, Marylebone",,,
42848161,2040,491,4/22/2015 11:05:00,71,"Newgate Street , St. Paul's",4/22/2015 10:31:00,498,"Bow Road Station, Bow",,,
45634717,2640,308,7/12/2015 19:11:00,478,"Stepney Green Station, Stepney",7/12/2015 18:27:00,309,"Embankment (Savoy), Strand",,,
47436815,7380,4399,9/2/2015 13:33:00,341,"Craven Street, Strand",9/2/2015 11:30:00,191,"Hyde Park Corner, Hyde Park",,,
61280721,2880,1306,12/25/2016 10:39:00,746,"Lots Road, West Chelsea",12/25/2016 9:51:00,66,"Holborn Circus, Holborn",,,
41014791,2340,12636,2/5/2015 13:48:00,360,"Howick Place, Westminster",2/5/2015 13:09:00,324,"Ontario Street, Elephant & Castle",,,
48190437,5160,3181,9/26/2015 18:22:00,664,"Austin Road, Battersea Park",9/26/2015 16:56:00,658,"Ethelburga Estate, Battersea Park",,,
64596694,2700,7307,5/2/2017 19:09:00,695,"Islington Green, Angel",5/2/2017 18:24:00,529,"Manresa Road, Chelsea",,,
59307048,2160,3663,10/11/2016 10:43:00,428,"Exhibition Road, Knightsbridge",10/11/2016 10:07:00,173,"Waterloo Road, South Bank",,,
43932353,2340,5077,5/27/2015 21:01:00,31,"Fanshaw Street, Hoxton",5/27/2015 20:22:00,674,"Carnegie Street, King's Cross",,,
40622180,2700,12773,1/17/2015 16:38:00,360,"Howick Place, Westminster",1/17/2015 15:53:00,48,"Godliman Street, St. Paul's",,,
51887920,2520,5946,3/3/2016 0:52:00,593,"Northdown Street, King's Cross",3/3/2016 0:10:00,692,"Cadogan Close, Victoria Park",,,
59122342,2220,9889,10/5/2016 18:13:00,723,"Stephendale Road, Sands End",10/5/2016 17:36:00,276,"Lower Thames Street, Monument",,,
52981774,2040,12520,4/17/2016 18:36:00,338,"Wellington Street , Strand",4/17/2016 18:02:00,102,"Jewry Street, Aldgate",,,
63466280,2040,10227,3/28/2017 13:14:00,388,"Southampton Street, Strand",3/28/2017 12:40:00,746,"Lots Road, West Chelsea",,,
64971181,2640,2737,5/14/2017 12:07:00,529,"Manresa Road, Chelsea",5/14/2017 11:23:00,46,"Nesham Street, Wapping",,,
52746737,2340,7606,4/8/2016 18:15:00,325,"St. Martin's Street, West End",4/8/2016 17:36:00,83,"Panton Street, West End",,,
46944404,2040,12094,8/17/2015 3:24:00,521,"Driffield Road, Old Ford",8/17/2015 2:50:00,298,"Curlew Street, Shad Thames",,,
49253982,2040,7730,10/31/2015 17:29:00,40,"Commercial Street, Shoreditch",10/31/2015 16:55:00,572,"Greenland Road, Camden Town",,,
56298767,14580,7527,7/23/2016 19:22:00,465,"Pitfield Street North,Hoxton",7/23/2016 15:19:00,336,"Concert Hall Approach 2, South Bank",,,
64799197,5220,9705,5/9/2017 10:17:00,541,"Green Park Station, Mayfair",5/9/2017 8:50:00,74,"Vauxhall Cross, Vauxhall",,,
55278457,2160,7996,6/27/2016 6:28:00,340,"Bank of England Museum, Bank",6/27/2016 5:52:00,757,"Harcourt Terrace, West Brompton",,,
46357705,8520,4415,8/2/2015 10:56:00,43,"Crawford Street, Marylebone",8/2/2015 8:34:00,396,"Shouldham Street, Marylebone",,,
56704692,3840,373,8/2/2016 13:34:00,274,"Warwick Road, Olympia",8/2/2016 12:30:00,274,"Warwick Road, Olympia",,,
54341790,2040,5005,5/29/2016 11:51:00,318,"Sackville Street, Mayfair",5/29/2016 11:17:00,252,"Jubilee Gardens, South Bank",,,
54709063,2340,8950,6/9/2016 15:52:00,762,"Storey's Gate, Westminster",6/9/2016 15:13:00,300,"Serpentine Car Park, Hyde Park",,,
51076819,0,6415,1/25/2016 8:43:00,294,"St. George's Square, Pimlico",1/25/2016 8:43:00,294,"St. George's Square, Pimlico",,,
43591304,2220,3499,5/17/2015 12:50:00,612,"Wandsworth Rd, Isley Court, Wandsworth Road",5/17/2015 12:13:00,739,"Hortensia Road, West Brompton",,,
55076962,2880,13294,6/21/2016 7:05:00,36,"De Vere Gardens, Kensington",6/21/2016 6:17:00,480,"Flamborough Street, Limehouse",,,
59897592,3240,3014,10/30/2016 1:52:00,74,"Vauxhall Cross, Vauxhall",10/30/2016 0:58:00,74,"Vauxhall Cross, Vauxhall",,,
43686394,2700,7758,5/20/2015 15:39:00,259,"Embankment (Horse Guards), Westminster",5/20/2015 14:54:00,337,"Pembridge Villas, Notting Hill",,,
46639420,2040,1070,8/8/2015 13:55:00,138,"Green Street, Mayfair",8/8/2015 13:21:00,77,"Russell Square Station, Bloomsbury",,,
44834875,3720,12336,6/23/2015 17:24:00,133,"Derry Street, Kensington",6/23/2015 16:22:00,130,"Tower Gardens , Tower",,,
46309940,2100,5089,8/1/2015 4:41:00,83,"Panton Street, West End",8/1/2015 4:06:00,73,"Old Street Station, St. Luke's",,,
45835969,5880,864,7/18/2015 14:55:00,407,"Speakers' Corner 1, Hyde Park",7/18/2015 13:17:00,191,"Hyde Park Corner, Hyde Park",,,
49615945,2820,908,11/14/2015 21:24:00,742,"Blenheim Crescent, Ladbroke Grove",11/14/2015 20:37:00,199,"Great Tower Street, Monument",,,
45205629,2220,4499,7/2/2015 21:47:00,609,"Sugden Road, Clapham",7/2/2015 21:10:00,69,"Euston Road, Euston",,,
53261518,2460,12834,4/27/2016 18:40:00,115,"Braham Street, Aldgate",4/27/2016 17:59:00,244,"Earnshaw Street , Covent Garden",,,
47333122,60,5004,8/28/2015 19:49:00,727,"Chesilton Road, Fulham",8/28/2015 19:48:00,671,"Parsons Green Station, Parsons Green",,,
42467475,16560,915,4/10/2015 17:32:00,457,"Castlehaven Road, Camden Town",4/10/2015 12:56:00,65,"Gower Place , Euston",,,
61298490,2520,5469,12/25/2016 15:32:00,225,"Notting Hill Gate Station, Notting Hill",12/25/2016 14:50:00,349,"St. George Street, Mayfair",,,
48727555,3840,2320,10/13/2015 10:10:00,564,"Somerset House, Strand",10/13/2015 9:06:00,445,"Cheshire Street, Bethnal Green",,,
49534587,0,11789,11/11/2015 13:16:00,3,"Christopher Street, Liverpool Street",11/11/2015 13:16:00,3,"Christopher Street, Liverpool Street",,,
42447763,3480,11997,4/9/2015 19:27:00,566,"Westfield Ariel Way, White City",4/9/2015 18:29:00,307,"Black Lion Gate, Kensington Gardens",,,
53383192,2700,891,5/2/2016 1:31:00,470,"Mostyn Grove, Bow",5/2/2016 0:46:00,132,"Bethnal Green Road, Shoreditch",,,
40773667,3360,8608,1/24/2015 16:06:00,16,"Cartwright Gardens , Bloomsbury",1/24/2015 15:10:00,28,"Bolsover Street, Fitzrovia",,,
53373563,2820,1665,5/1/2016 17:59:00,18,"Drury Lane, Covent Garden",5/1/2016 17:12:00,181,"Belgrave Square, Belgravia",,,
62175521,4020,14571,2/5/2017 17:18:00,691,"Erin Close, Walham Green",2/5/2017 16:11:00,696,"Charing Cross Hospital, Hammersmith",,,
58620562,2580,1114,9/21/2016 17:37:00,553,"Regent's Row , Haggerston",9/21/2016 16:54:00,88,"Bayley Street , Bloomsbury",,,
65432585,2760,12988,5/27/2017 13:55:00,447,"Jubilee Crescent, Cubitt Town",5/27/2017 13:09:00,470,"Mostyn Grove, Bow",,,
62338509,2040,14768,2/13/2017 14:12:00,541,"Green Park Station, Mayfair",2/13/2017 13:38:00,303,"Albert Gate, Hyde Park",,,
53833854,5580,6480,5/14/2016 18:11:00,615,"Finlay Street, Fulham",5/14/2016 16:38:00,615,"Finlay Street, Fulham",,,
44841464,2220,6533,6/23/2015 18:45:00,74,"Vauxhall Cross, Vauxhall",6/23/2015 18:08:00,743,"Oxford Road, Putney",,,
54742155,60,6054,6/10/2016 9:30:00,98,"Hampstead Road, Euston",6/10/2016 9:29:00,239,"Warren Street Station, Euston",,,
51518292,60,13594,2/14/2016 17:48:00,218,"St. Luke's Church, Chelsea",2/14/2016 17:47:00,172,"Sumner Place, South Kensington",,,
65261030,2520,4748,5/23/2017 14:24:00,410,"Edgware Road Station, Marylebone",5/23/2017 13:42:00,410,"Edgware Road Station, Marylebone",,,
45628230,7860,7152,7/12/2015 16:51:00,766,"Ram Street, Wandsworth",7/12/2015 14:40:00,541,"Green Park Station, Mayfair",,,
59556806,3480,13322,10/19/2016 14:08:00,457,"Castlehaven Road, Camden Town",10/19/2016 13:10:00,695,"Islington Green, Angel",,,
64016246,2220,10854,4/12/2017 22:15:00,558,"Page Street, Westminster",4/12/2017 21:38:00,224,"Whiteley's, Bayswater",,,
56038440,8700,238,7/17/2016 19:11:00,234,"Liverpool Road (N1 Centre), Angel",7/17/2016 16:46:00,508,"Fournier Street, Whitechapel",,,
55760174,5280,1357,7/10/2016 6:58:00,784,"East Village, Queen Elizabeth Olympic Park",7/10/2016 5:30:00,784,"East Village, Queen Elizabeth Olympic Park",,,
47354844,3780,8587,8/29/2015 16:55:00,213,"Wellington Arch, Hyde Park",8/29/2015 15:52:00,278,"Tooley Street, Bermondsey",,,
64971071,2040,8284,5/14/2017 11:55:00,58,"New Inn Yard, Shoreditch",5/14/2017 11:21:00,797,"Ossulston Street, Somers Town",,,
53063580,8940,13430,4/20/2016 12:48:00,271,"London Zoo,  The Regent's Park",4/20/2016 10:19:00,350,"Queen's Gate, Kensington Gardens",,,
63907881,3540,12786,4/9/2017 20:06:00,790,"Stratford Station, Stratford",4/9/2017 19:07:00,779,"Houndsditch, Aldgate",,,
64971902,2640,12172,5/14/2017 12:25:00,350,"Queen's Gate, Kensington Gardens",5/14/2017 11:41:00,191,"Hyde Park Corner, Hyde Park",,,
65657322,2280,4157,6/2/2017 12:57:00,818,"One Tower Bridge, Bermondsey",6/2/2017 12:19:00,562,"Bury Place, Holborn",,,
42201455,2160,7420,3/30/2015 16:06:00,541,"Green Park Station, West End",3/30/2015 15:30:00,158,"Trebovir Road, Earl's Court",,,
49028769,3900,7882,10/23/2015 14:50:00,407,"Speakers' Corner 1, Hyde Park",10/23/2015 13:45:00,228,"St. James's Square, St. James's",,,
44506164,3840,10652,6/14/2015 9:15:00,520,"Bancroft Road, Bethnal Green",6/14/2015 8:11:00,520,"Bancroft Road, Bethnal Green",,,
62486079,4500,767,2/19/2017 10:54:00,448,"Fisherman's Walk West, Canary Wharf",2/19/2017 9:39:00,307,"Black Lion Gate, Kensington Gardens",,,
64840659,3000,11316,5/10/2017 13:18:00,122,"Norton Folgate, Liverpool Street",5/10/2017 12:28:00,175,"Appold Street, Liverpool Street",,,
44542980,4080,9160,6/15/2015 13:27:00,406,"Speakers' Corner 2, Hyde Park",6/15/2015 12:19:00,222,"Knightsbridge, Hyde Park",,,
54652659,4620,8766,6/8/2016 2:02:00,492,"The Green Bridge, Mile End",6/8/2016 0:45:00,522,"Clinton Road, Mile End",,,
48193391,4440,6262,9/26/2015 19:10:00,7,"Charlbert Street, St. John's Wood",9/26/2015 17:56:00,405,"Gloucester Road Station, South Kensington",,,
47734760,2220,9937,9/11/2015 16:53:00,300,"Serpentine Car Park, Hyde Park",9/11/2015 16:16:00,407,"Speakers' Corner 1, Hyde Park",,,
44528614,4380,7723,6/14/2015 23:04:00,516,"Chrisp Street Market, Poplar",6/14/2015 21:51:00,554,"Aberfeldy Street, Poplar",,,
56088420,4200,310,7/18/2016 19:44:00,804,"Good's Way, King's Cross",7/18/2016 18:34:00,390,"Buxton Street 1, Shoreditch",,,
61542786,2100,9349,1/9/2017 9:10:00,67,"Hatton Garden, Holborn",1/9/2017 8:35:00,511,"Sutton Street, Shadwell",,,
59236459,4620,700,10/9/2016 9:59:00,101,"Queen Street 1, Bank",10/9/2016 8:42:00,723,"Stephendale Road, Sands End",,,
47745921,3000,9087,9/11/2015 20:40:00,719,"Victoria Park Road, Hackney Central",9/11/2015 19:50:00,557,"King Edward Street, St Pauls",,,
46931433,2220,8029,8/16/2015 16:48:00,407,"Speakers' Corner 1, Hyde Park",8/16/2015 16:11:00,407,"Speakers' Corner 1, Hyde Park",,,
47601018,3900,11729,9/7/2015 19:42:00,387,"Fire Brigade Pier, Vauxhall",9/7/2015 18:37:00,92,"Borough Road, Elephant & Castle",,,
46250075,2820,1824,7/30/2015 15:48:00,260,"Broadwick Street, Soho",7/30/2015 15:01:00,40,"Commercial Street, Shoreditch",,,
50283188,2580,6863,12/14/2015 9:51:00,170,"Hardwick Street, Clerkenwell",12/14/2015 9:08:00,656,"Broomhouse Lane, Parsons Green",,,
46305382,3000,12391,7/31/2015 22:23:00,732,"Duke Street Hill, London Bridge",7/31/2015 21:33:00,215,"Moorfields, Moorgate",,,
42513289,16020,6577,4/12/2015 0:54:00,233,"Pall Mall East, West End",4/11/2015 20:27:00,230,"Poured Lines, Bankside",,,
65498502,2100,12759,5/29/2017 14:18:00,192,"Wardour Street, Soho",5/29/2017 13:43:00,109,"Soho Square , Soho",,,
53756284,3660,11462,5/12/2016 16:01:00,406,"Speakers' Corner 2, Hyde Park",5/12/2016 15:00:00,406,"Speakers' Corner 2, Hyde Park",,,
50426393,4020,11454,12/20/2015 12:37:00,456,"Parkway, Camden Town",12/20/2015 11:30:00,24,"British Museum, Bloomsbury",,,
44991507,2160,11499,6/27/2015 16:00:00,403,"George Place Mews, Marylebone",6/27/2015 15:24:00,48,"Godliman Street, St. Paul's",,,
64873722,5400,4940,5/11/2017 10:48:00,758,"Westbourne Park Road, Portobello",5/11/2017 9:18:00,524,"Lancaster Gate , Bayswater",,,
51405272,5220,13255,2/9/2016 11:39:00,320,"Queen Mother Sports Centre, Victoria",2/9/2016 10:12:00,192,"Wardour Street, Soho",,,
51654140,2820,10173,2/21/2016 13:14:00,160,"Waterloo Place, St. James's",2/21/2016 12:27:00,111,"Park Lane , Hyde Park",,,
48195231,2580,12235,9/26/2015 19:21:00,428,"Exhibition Road, Knightsbridge",9/26/2015 18:38:00,522,"Clinton Road, Mile End",,,
65917866,3240,14615,6/10/2017 12:53:00,271,"London Zoo,  The Regent's Park",6/10/2017 11:59:00,234,"Liverpool Road (N1 Centre), Angel",,,
60305249,1980,10505,11/15/2016 9:20:00,325,"St. Martin's Street, West End",11/15/2016 8:47:00,726,"Alfreda Street, Battersea Park",,,
55036593,3120,12068,6/19/2016 15:18:00,480,"Flamborough Street, Limehouse",6/19/2016 14:26:00,452,"St. Katharine's Way, Tower",,,
49272038,3300,570,11/1/2015 14:21:00,553,"Regent's Row , Haggerston",11/1/2015 13:26:00,486,"Granby Street, Shoreditch",,,
57726600,2940,7544,8/27/2016 23:22:00,273,"Belvedere Road, South Bank",8/27/2016 22:33:00,185,"Alderney Street, Pimlico",,,
58489416,2040,14209,9/17/2016 23:58:00,251,"Brushfield Street, Liverpool Street",9/17/2016 23:24:00,427,"Cheapside, Bank",,,
41483965,32340,9544,2/28/2015 3:30:00,700,"Battersea Church Road, Battersea",2/27/2015 18:31:00,213,"Wellington Arch, Hyde Park",,,
56193274,4440,1514,7/20/2016 22:50:00,37,"Penywern Road, Earl's Court",7/20/2016 21:36:00,37,"Penywern Road, Earl's Court",,,
52567438,5700,8130,4/2/2016 1:41:00,228,"St. James's Square, St. James's",4/2/2016 0:06:00,387,"Fire Brigade Pier, Vauxhall",,,
53379690,60,11696,5/1/2016 19:40:00,18,"Drury Lane, Covent Garden",5/1/2016 19:39:00,751,"Newton Street, Covent Garden",,,
48442244,1980,5395,10/3/2015 22:47:00,741,"Freston Road, Avondale",10/3/2015 22:14:00,28,"Bolsover Street, Fitzrovia",,,
65827391,2100,6931,6/7/2017 18:01:00,224,"Whiteley's, Bayswater",6/7/2017 17:26:00,401,"Columbia Road, Shoreditch",,,
62323386,2700,1221,2/12/2017 17:49:00,213,"Wellington Arch, Hyde Park",2/12/2017 17:04:00,213,"Wellington Arch, Hyde Park",,,
44861388,5460,11090,6/24/2015 10:24:00,19,"Taviton Street, Bloomsbury",6/24/2015 8:53:00,387,"Fire Brigade Pier, Vauxhall",,,
42623042,9240,5517,4/15/2015 12:40:00,401,"Columbia Road, Weavers",4/15/2015 10:06:00,492,"The Green Bridge, Mile End",,,
55268703,2280,4965,6/26/2016 17:32:00,789,"Podium, Queen Elizabeth Olympic Park",6/26/2016 16:54:00,785,"Aquatic Centre, Queen Elizabeth Olympic Park",,,
47588477,6480,6555,9/7/2015 14:59:00,692,"Cadogan Close, Victoria Park",9/7/2015 13:11:00,692,"Cadogan Close, Victoria Park",,,
59748454,2520,13378,10/25/2016 17:52:00,621,"Wandsworth Town Station, Wandsworth",10/25/2016 17:10:00,251,"Brushfield Street, Liverpool Street",,,
46185187,15420,5811,7/28/2015 22:54:00,407,"Speakers' Corner 1, Hyde Park",7/28/2015 18:37:00,406,"Speakers' Corner 2, Hyde Park",,,
54040225,3000,9025,5/20/2016 16:11:00,407,"Speakers' Corner 1, Hyde Park",5/20/2016 15:21:00,307,"Black Lion Gate, Kensington Gardens",,,
65307458,2160,9337,5/24/2017 16:52:00,16,"Cartwright Gardens , Bloomsbury",5/24/2017 16:16:00,457,"Castlehaven Road, Camden Town",,,
53864712,7140,3275,5/15/2016 17:14:00,692,"Cadogan Close, Victoria Park",5/15/2016 15:15:00,748,"Hertford Road, De Beauvoir Town",,,
53395800,4200,10559,5/2/2016 16:50:00,481,"Saunders Ness Road, Cubitt Town",5/2/2016 15:40:00,481,"Saunders Ness Road, Cubitt Town",,,
42534854,3420,1845,4/12/2015 16:49:00,457,"Castlehaven Road, Camden Town",4/12/2015 15:52:00,536,"Queensbridge Road, Haggerston",,,
49230699,2820,13129,10/30/2015 23:00:00,278,"Tooley Street, Bermondsey",10/30/2015 22:13:00,564,"Somerset House, Strand",,,
56518616,2520,3867,7/28/2016 19:43:00,692,"Cadogan Close, Victoria Park",7/28/2016 19:01:00,107,"Finsbury Leisure Centre, St. Luke's",,,
51951515,60,12939,3/5/2016 23:42:00,451,"Hermitage Court, Wapping",3/5/2016 23:41:00,46,"Nesham Street, Wapping",,,
44360914,2760,4060,6/10/2015 8:39:00,17,"Hatton Wall, Holborn",6/10/2015 7:53:00,591,"Westfield Library Corner, Shepherd's Bush",,,
55495467,2220,5506,7/3/2016 15:44:00,480,"Flamborough Street, Limehouse",7/3/2016 15:07:00,134,"Wapping High Street, Wapping",,,
62106008,2520,13745,2/2/2017 12:40:00,18,"Drury Lane, Covent Garden",2/2/2017 11:58:00,159,"Great Marlborough Street, Soho",,,
57478272,3600,13383,8/21/2016 17:20:00,641,"Archbishop's Park, Waterloo",8/21/2016 16:20:00,641,"Archbishop's Park, Waterloo",,,
54518149,5160,2133,6/4/2016 17:43:00,153,"Bayswater Road, Hyde Park",6/4/2016 16:17:00,153,"Bayswater Road, Hyde Park",,,
49111231,2280,10392,10/26/2015 18:35:00,381,"Charlotte Street, Fitzrovia",10/26/2015 17:57:00,731,"Michael Road, Walham Green",,,
60201744,10500,6553,11/10/2016 19:37:00,572,"Greenland Road, Camden Town",11/10/2016 16:42:00,192,"Wardour Street, Soho",,,
64194454,2100,11964,4/19/2017 16:40:00,427,"Cheapside, Bank",4/19/2017 16:05:00,572,"Greenland Road, Camden Town",,,
45977557,2880,6722,7/22/2015 0:15:00,272,"Baylis Road, Waterloo",7/21/2015 23:27:00,194,"Hop Exchange, The Borough",,,
45830210,3120,10895,7/18/2015 12:17:00,404,"Palace Gate, Kensington Gardens",7/18/2015 11:25:00,350,"Queen's Gate, Kensington Gardens",,,
48212164,3300,783,9/27/2015 14:00:00,646,"Buckingham Gate, Westminster",9/27/2015 13:05:00,153,"Bayswater Road, Hyde Park",,,
54809403,3120,8182,6/12/2016 13:59:00,11,"Brunswick Square, Bloomsbury",6/12/2016 13:07:00,433,"Wren Street, Holborn",,,
60343925,2100,1583,11/16/2016 14:42:00,492,"The Green Bridge, Mile End",11/16/2016 14:07:00,479,"Pott Street, Bethnal Green",,,
58341167,1980,6192,9/13/2016 20:36:00,679,"Orbel Street, Battersea",9/13/2016 20:03:00,795,"Melton Street, Euston",,,
43402159,3300,11276,5/11/2015 11:57:00,337,"Pembridge Villas, Notting Hill",5/11/2015 11:02:00,548,"Westminster Bridge Road, Elephant & Castle",,,
64037431,2820,13118,4/13/2017 17:30:00,341,"Craven Street, Strand",4/13/2017 16:43:00,83,"Panton Street, West End",,,
64508335,3660,2429,4/29/2017 17:04:00,180,"North Audley Street, Mayfair",4/29/2017 16:03:00,404,"Palace Gate, Kensington Gardens",,,
65308162,1980,7277,5/24/2017 17:04:00,383,"Frith Street, Soho",5/24/2017 16:31:00,213,"Wellington Arch, Hyde Park",,,
48294790,2040,6793,9/29/2015 18:45:00,248,"Triangle Car Park, Hyde Park",9/29/2015 18:11:00,248,"Triangle Car Park, Hyde Park",,,
45440015,2760,7860,7/8/2015 20:51:00,266,"Queen's Gate (North), Kensington",7/8/2015 20:05:00,41,"Sun Street, Liverpool Street",,,
46888412,0,2880,8/15/2015 13:46:00,129,"Golden Square, Soho",8/15/2015 13:46:00,129,"Golden Square, Soho",,,
44268816,2100,2633,6/7/2015 15:21:00,248,"Triangle Car Park, Hyde Park",6/7/2015 14:46:00,153,"Bayswater Road, Hyde Park",,,
46246094,1980,10695,7/30/2015 13:11:00,431,"Crinan Street, King's Cross",7/30/2015 12:38:00,194,"Hop Exchange, The Borough",,,
45273755,16260,6888,7/4/2015 21:01:00,513,"Watney Market, Stepney",7/4/2015 16:30:00,533,"Wellington Row, Bethnal Green",,,
53632230,4740,12446,5/8/2016 17:19:00,579,"Queen Street 2, Bank",5/8/2016 16:00:00,564,"Somerset House, Strand",,,
61108359,2700,9464,12/16/2016 14:37:00,742,"Blenheim Crescent, Ladbroke Grove",12/16/2016 13:52:00,614,"Bradmead, Battersea Park",,,
42586388,11760,8363,4/14/2015 13:31:00,357,"Howland Street, Fitzrovia",4/14/2015 10:15:00,191,"Hyde Park Corner, Hyde Park",,,
65341495,4620,14626,5/25/2017 11:17:00,150,"Holy Trinity Brompton, Knightsbridge",5/25/2017 10:00:00,203,"West Smithfield Rotunda, Farringdon",,,
47931410,2160,10770,9/18/2015 13:52:00,584,"Ilchester Gardens, Bayswater",9/18/2015 13:16:00,172,"Sumner Place, South Kensington",,,
54098511,1980,8314,5/22/2016 13:49:00,407,"Speakers' Corner 1, Hyde Park",5/22/2016 13:16:00,800,"Sopwith Way, Battersea Park",,,
64996919,3480,14297,5/15/2017 1:52:00,233,"Pall Mall East, West End",5/15/2017 0:54:00,233,"Pall Mall East, West End",,,
45598028,2160,4937,7/11/2015 17:33:00,94,"Bricklayers Arms, Borough",7/11/2015 16:57:00,167,"Eccleston Place, Victoria",,,
52288488,2100,1110,3/20/2016 16:30:00,432,"Exhibition Road Museums, South Kensington",3/20/2016 15:55:00,762,"Storey's Gate, Westminster",,,
62906015,4620,13349,3/8/2017 15:30:00,733,"Park Lane, Mayfair",3/8/2017 14:13:00,226,"Charles II Street, West End",,,
64061391,5100,13490,4/14/2017 16:27:00,404,"Palace Gate, Kensington Gardens",4/14/2017 15:02:00,398,"Holland Park, Kensington",,,
46704326,2100,150,8/9/2015 20:10:00,153,"Bayswater Road, Hyde Park",8/9/2015 19:35:00,287,"Bedford Way, Bloomsbury",,,
63575759,2580,10212,3/31/2017 18:28:00,9,"New Globe Walk, Bankside",3/31/2017 17:45:00,160,"Waterloo Place, St. James's",,,
62174160,3720,8183,2/5/2017 16:15:00,397,"Devonshire Terrace, Bayswater",2/5/2017 15:13:00,397,"Devonshire Terrace, Bayswater",,,
57822059,2640,8689,8/30/2016 18:52:00,485,"Old Ford Road, Bethnal Green",8/30/2016 18:08:00,446,"York Hall, Bethnal Green",,,
49611905,2640,10583,11/14/2015 13:28:00,541,"Green Park Station, Mayfair",11/14/2015 12:44:00,307,"Black Lion Gate, Kensington Gardens",,,
64310551,2100,9282,4/23/2017 10:25:00,428,"Exhibition Road, Knightsbridge",4/23/2017 9:50:00,99,"Old Quebec Street, Marylebone",,,
42538115,4320,9378,4/12/2015 18:04:00,130,"Tower Gardens , Tower",4/12/2015 16:52:00,498,"Bow Road Station, Bow",,,
64990374,2280,24,5/14/2017 18:16:00,631,"Battersea Park Road, Nine Elms",5/14/2017 17:38:00,587,"Monument Street, Monument",,,
52606196,5160,9267,4/3/2016 15:44:00,448,"Fisherman's Walk West, Canary Wharf",4/3/2016 14:18:00,77,"Russell Square Station, Bloomsbury",,,
47691037,3060,8438,9/10/2015 13:17:00,421,"Southwark Station 2, Southwark",9/10/2015 12:26:00,196,"Union Street, The Borough",,,
56158437,2280,14113,7/20/2016 9:24:00,73,"Old Street Station, St. Luke's",7/20/2016 8:46:00,744,"Ingrave Street, Clapham Junction",,,
47320978,60,3049,8/28/2015 15:21:00,73,"Old Street Station, St. Luke's",8/28/2015 15:20:00,32,"Leonard Circus , Shoreditch",,,
63894112,2100,12234,4/9/2017 16:21:00,695,"Islington Green, Angel",4/9/2017 15:46:00,534,"Goldsmith's Row, Haggerston",,,
56502783,3600,2426,7/28/2016 14:01:00,781,"Victoria & Albert Museum, South Kensington",7/28/2016 13:01:00,710,"Albert Bridge Road, Battersea Park",,,
50540381,5340,10212,12/27/2015 11:45:00,192,"Wardour Street, Soho",12/27/2015 10:16:00,192,"Wardour Street, Soho",,,
65737829,3600,1867,6/4/2017 16:08:00,289,"South Audley Street, Mayfair",6/4/2017 15:08:00,110,"Wellington Road, St. John's Wood",,,
44654091,2100,12427,6/18/2015 9:29:00,366,"Millennium Hotel, Mayfair",6/18/2015 8:54:00,618,"Eel Brook Common, Walham Green",,,
55274111,3900,13958,6/26/2016 20:01:00,248,"Triangle Car Park, Hyde Park",6/26/2016 18:56:00,191,"Hyde Park Corner, Hyde Park",,,
64357922,3600,2799,4/24/2017 18:22:00,276,"Lower Thames Street, Monument",4/24/2017 17:22:00,527,"Hansard Mews, Holland Park",,,
56559148,2520,13348,7/29/2016 20:42:00,304,"Cumberland Gate, Hyde Park",7/29/2016 20:00:00,304,"Cumberland Gate, Hyde Park",,,
48442866,2820,3546,10/3/2015 23:44:00,188,"Nutford Place, Marylebone",10/3/2015 22:57:00,193,"Bankside Mix, Bankside",,,
53756644,3000,480,5/12/2016 16:03:00,406,"Speakers' Corner 2, Hyde Park",5/12/2016 15:13:00,307,"Black Lion Gate, Kensington Gardens",,,
53856222,2400,9246,5/15/2016 13:28:00,570,"Upper Bank Street, Canary Wharf",5/15/2016 12:48:00,481,"Saunders Ness Road, Cubitt Town",,,
41778228,2340,2389,3/11/2015 20:57:00,642,"Fawcett Close, Battersea",3/11/2015 20:18:00,72,"Farringdon Lane, Clerkenwell",,,
63841878,2760,12665,4/8/2017 14:38:00,173,"Waterloo Road, South Bank",4/8/2017 13:52:00,381,"Charlotte Street, Fitzrovia",,,
62134084,7500,10991,2/3/2017 14:44:00,457,"Castlehaven Road, Camden Town",2/3/2017 12:39:00,278,"Tooley Street, Bermondsey",,,
43268414,60,9917,5/7/2015 7:04:00,268,"Belgrave Road, Victoria",5/7/2015 7:03:00,178,"Warwick Square, Pimlico",,,
45838738,12360,10306,7/18/2015 17:32:00,294,"St. George's Square, Pimlico",7/18/2015 14:06:00,395,"Cadogan Gardens, Chelsea",,,
58697799,4380,3338,9/23/2016 16:01:00,280,"Royal Avenue 2, Chelsea",9/23/2016 14:48:00,564,"Somerset House, Strand",,,
64519952,2100,7706,4/29/2017 23:25:00,394,"Aberdeen Place, St. John's Wood",4/29/2017 22:50:00,290,"Winsland Street, Paddington",,,
40483726,1980,11301,1/11/2015 12:50:00,230,"Poured Lines, Bankside",1/11/2015 12:17:00,387,"Fire Brigade Pier, Vauxhall",,,
60242142,6600,4037,11/12/2016 4:06:00,475,"Lightermans Road, Millwall",11/12/2016 2:16:00,475,"Lightermans Road, Millwall",,,
55747844,7800,9533,7/9/2016 20:02:00,403,"George Place Mews, Marylebone",7/9/2016 17:52:00,226,"Charles II Street, West End",,,
54509540,1980,8358,6/4/2016 13:32:00,564,"Somerset House, Strand",6/4/2016 12:59:00,485,"Old Ford Road, Bethnal Green",,,
55564862,3720,10945,7/5/2016 10:50:00,680,"Westbridge Road, Battersea",7/5/2016 9:48:00,717,"Dunston Road , Haggerston",,,
65507453,6840,13542,5/29/2017 19:16:00,226,"Charles II Street, West End",5/29/2017 17:22:00,229,"Whitehall Place, Strand",,,
56331625,2460,3727,7/24/2016 12:48:00,248,"Triangle Car Park, Hyde Park",7/24/2016 12:07:00,248,"Triangle Car Park, Hyde Park",,,
51530247,3060,1553,2/15/2016 13:08:00,222,"Knightsbridge, Hyde Park",2/15/2016 12:17:00,222,"Knightsbridge, Hyde Park",,,
43176316,4680,3859,5/3/2015 17:58:00,545,"Arlington Road, Camden Town",5/3/2015 16:40:00,661,"All Saints Church, Portobello",,,
45335374,13020,2438,7/6/2015 15:07:00,428,"Exhibition Road, Knightsbridge",7/6/2015 11:30:00,150,"Holy Trinity Brompton, Knightsbridge",,,
51356488,2160,11262,2/6/2016 16:21:00,305,"Kennington Lane Tesco, Vauxhall",2/6/2016 15:45:00,36,"De Vere Gardens, Kensington",,,
53118206,2520,12356,4/21/2016 20:47:00,410,"Edgware Road Station, Marylebone",4/21/2016 20:05:00,410,"Edgware Road Station, Marylebone",,,
60408295,2520,345,11/18/2016 18:59:00,478,"Stepney Green Station, Stepney",11/18/2016 18:17:00,18,"Drury Lane, Covent Garden",,,
63902746,3300,10313,4/9/2017 18:41:00,785,"Aquatic Centre, Queen Elizabeth Olympic Park",4/9/2017 17:46:00,785,"Aquatic Centre, Queen Elizabeth Olympic Park",,,
51986183,2460,459,3/7/2016 20:22:00,446,"York Hall, Bethnal Green",3/7/2016 19:41:00,224,"Whiteley's, Bayswater",,,
42977171,2400,12347,4/26/2015 16:56:00,31,"Fanshaw Street, Hoxton",4/26/2015 16:16:00,542,"Salmon Lane, Limehouse",,,
52726157,2040,8633,4/7/2016 22:55:00,187,"Queen's Gate (South), South Kensington",4/7/2016 22:21:00,55,"Finsbury Circus, Liverpool Street",,,
54764363,3180,12730,6/10/2016 19:27:00,248,"Triangle Car Park, Hyde Park",6/10/2016 18:34:00,191,"Hyde Park Corner, Hyde Park",,,
46623399,2940,10756,8/7/2015 22:20:00,278,"Tooley Street, Bermondsey",8/7/2015 21:31:00,358,"High Holborn , Covent Garden",,,
41925825,2160,2695,3/18/2015 12:33:00,312,"Grove End Road, St. John's Wood",3/18/2015 11:57:00,98,"Hampstead Road, Euston",,,
52492883,5460,10174,3/30/2016 14:46:00,785,"Aquatic Centre, Queen Elizabeth Olympic Park",3/30/2016 13:15:00,785,"Aquatic Centre, Queen Elizabeth Olympic Park",,,
53757577,3240,9513,5/12/2016 16:38:00,64,"William IV Street, Strand",5/12/2016 15:44:00,737,"Fulham Broadway, Walham Green",,,
65474264,6660,14352,5/28/2017 16:26:00,248,"Triangle Car Park, Hyde Park",5/28/2017 14:35:00,111,"Park Lane , Hyde Park",,,
54270859,3360,12398,5/27/2016 9:13:00,662,"Phene Street, Chelsea",5/27/2016 8:17:00,529,"Manresa Road, Chelsea",,,
63239264,2520,6909,3/20/2017 17:01:00,290,"Winsland Street, Paddington",3/20/2017 16:19:00,71,"Newgate Street , St. Paul's",,,
51039860,6000,11951,1/23/2016 13:25:00,700,"Battersea Church Road, Battersea",1/23/2016 11:45:00,680,"Westbridge Road, Battersea",,,
44700051,3480,1243,6/19/2015 13:33:00,334,"Concert Hall Approach 1, South Bank",6/19/2015 12:35:00,192,"Wardour Street, Soho",,,
49933475,2400,947,11/28/2015 17:10:00,354,"Northumberland Avenue, Strand",11/28/2015 16:30:00,290,"Winsland Street, Paddington",,,
56337532,3360,584,7/24/2016 14:51:00,410,"Edgware Road Station, Marylebone",7/24/2016 13:55:00,76,"Longford Street, The Regent's Park",,,
54092647,4500,13021,5/22/2016 12:26:00,350,"Queen's Gate, Kensington Gardens",5/22/2016 11:11:00,404,"Palace Gate, Kensington Gardens",,,
49589323,2640,6019,11/13/2015 9:45:00,178,"Warwick Square, Pimlico",11/13/2015 9:01:00,178,"Warwick Square, Pimlico",,,
52095393,2760,447,3/12/2016 17:00:00,9,"New Globe Walk, Bankside",3/12/2016 16:14:00,768,"Clapham Common North side, Clapham Common",,,
53358851,1980,14115,5/1/2016 12:54:00,401,"Columbia Road, Shoreditch",5/1/2016 12:21:00,284,"Lambeth North Station, Waterloo",,,
62811438,3360,3709,3/4/2017 14:43:00,248,"Triangle Car Park, Hyde Park",3/4/2017 13:47:00,300,"Serpentine Car Park, Hyde Park",,,
44586155,0,7867,6/16/2015 15:52:00,392,"Imperial College, Knightsbridge",6/16/2015 15:52:00,392,"Imperial College, Knightsbridge",,,
43379742,4620,8304,5/10/2015 18:13:00,172,"Sumner Place, South Kensington",5/10/2015 16:56:00,172,"Sumner Place, South Kensington",,,
44516723,4680,7106,6/14/2015 16:47:00,404,"Palace Gate, Kensington Gardens",6/14/2015 15:29:00,404,"Palace Gate, Kensington Gardens",,,
53634648,9360,10898,5/8/2016 19:09:00,790,"Stratford Station, Stratford",5/8/2016 16:33:00,789,"Podium, Queen Elizabeth Olympic Park",,,
47287032,3960,6866,8/27/2015 16:27:00,167,"Eccleston Place, Victoria",8/27/2015 15:21:00,260,"Broadwick Street, Soho",,,
65367351,2580,9961,5/25/2017 20:09:00,720,"Star Road, West Kensington",5/25/2017 19:26:00,307,"Black Lion Gate, Kensington Gardens",,,
60192710,2640,7418,11/10/2016 9:46:00,723,"Stephendale Road, Sands End",11/10/2016 9:02:00,215,"Moorfields, Moorgate",,,
49075236,2760,12770,10/25/2015 14:34:00,407,"Speakers' Corner 1, Hyde Park",10/25/2015 13:48:00,213,"Wellington Arch, Hyde Park",,,
62845914,8100,7419,3/6/2017 13:15:00,354,"Northumberland Avenue, Strand",3/6/2017 11:00:00,405,"Gloucester Road Station, South Kensington",,,
52573768,1980,9199,4/2/2016 12:22:00,23,"Red Lion Square, Holborn",4/2/2016 11:49:00,409,"Strata, Elephant & Castle",,,
65682735,2040,2172,6/3/2017 10:18:00,348,"Grosvenor Square, Mayfair",6/3/2017 9:44:00,105,"Westbourne Grove, Bayswater",,,
55367263,2100,10906,6/29/2016 18:02:00,596,"Parson's Green , Parson's Green",6/29/2016 17:27:00,514,"Portman Square, Marylebone",,,
48637937,3660,11461,10/10/2015 14:41:00,481,"Saunders Ness Road, Cubitt Town",10/10/2015 13:40:00,10,"Park Street, Bankside",,,
55111688,2040,7611,6/21/2016 20:17:00,671,"Parsons Green Station, Parsons Green",6/21/2016 19:43:00,310,"Black Prince Road, Vauxhall",,,
47763930,4200,12430,9/12/2015 15:54:00,111,"Park Lane , Hyde Park",9/12/2015 14:44:00,111,"Park Lane , Hyde Park",,,
52717688,5460,12932,4/7/2016 18:10:00,300,"Serpentine Car Park, Hyde Park",4/7/2016 16:39:00,300,"Serpentine Car Park, Hyde Park",,,
42405887,6300,9244,4/8/2015 16:54:00,306,"Rathbone Street, Fitzrovia",4/8/2015 15:09:00,88,"Bayley Street , Bloomsbury",,,
47081071,2040,2383,8/20/2015 21:04:00,101,"Queen Street 1, Bank",8/20/2015 20:30:00,732,"Duke Street Hill, London Bridge",,,
48886797,6360,7958,10/18/2015 16:58:00,50,"East Road, Hoxton",10/18/2015 15:12:00,251,"Brushfield Street, Liverpool Street",,,
64585153,3780,7044,5/2/2017 14:25:00,199,"Great Tower Street, Monument",5/2/2017 13:22:00,356,"South Kensington Station, South Kensington",,,
54405409,3900,5312,5/31/2016 19:05:00,573,"Limerston Street, West Chelsea",5/31/2016 18:00:00,448,"Fisherman's Walk West, Canary Wharf",,,
46015027,2940,3482,7/22/2015 22:10:00,476,"Stebondale Street, Cubitt Town",7/22/2015 21:21:00,335,"Tavistock Street, Covent Garden",,,
45007524,3120,11271,6/27/2015 21:57:00,273,"Belvedere Road, South Bank",6/27/2015 21:05:00,749,"Haggerston Road, Haggerston",,,
42834251,2520,11424,4/21/2015 21:16:00,213,"Wellington Arch, Hyde Park",4/21/2015 20:34:00,551,"Montgomery Square, Canary Wharf",,,
47750838,2400,1712,9/12/2015 2:58:00,152,"Hampton Street, Walworth",9/12/2015 2:18:00,354,"Northumberland Avenue, Strand",,,
54847036,2340,5572,6/13/2016 20:01:00,670,"Ashley Crescent, Battersea",6/13/2016 19:22:00,456,"Parkway, Camden Town",,,
52407185,9660,5207,3/25/2016 15:09:00,397,"Devonshire Terrace, Bayswater",3/25/2016 12:28:00,397,"Devonshire Terrace, Bayswater",,,
44471984,383820,1249,6/17/2015 11:54:00,568,"Bishop's Bridge Road West, Bayswater",6/13/2015 1:17:00,742,"Blenheim Crescent, Ladbroke Grove",,,
64932832,4620,394,5/13/2017 0:21:00,712,"Mile End Stadium, Mile End",5/12/2017 23:04:00,712,"Mile End Stadium, Mile End",,,
54314579,2760,10217,5/28/2016 14:32:00,216,"Old Brompton Road, South Kensington",5/28/2016 13:46:00,600,"South Lambeth Road, Vauxhall",,,
54803805,8520,8648,6/12/2016 2:23:00,654,"Ashmole Estate, Oval",6/12/2016 0:01:00,654,"Ashmole Estate, Oval",,,
44023892,2700,11075,5/30/2015 19:37:00,325,"St. Martin's Street, West End",5/30/2015 18:52:00,558,"Page Street, Westminster",,,
50863765,2040,11391,1/14/2016 22:34:00,698,"Shoreditch Court, Haggerston",1/14/2016 22:00:00,290,"Winsland Street, Paddington",,,
47990831,9360,7723,9/20/2015 13:40:00,524,"Lancaster Gate , Bayswater",9/20/2015 11:04:00,191,"Hyde Park Corner, Hyde Park",,,
41656960,3120,6645,3/7/2015 14:15:00,259,"Embankment (Horse Guards), Westminster",3/7/2015 13:23:00,347,"Lower Marsh, Waterloo",,,
65892683,3780,2673,6/9/2017 16:54:00,646,"Buckingham Gate, Westminster",6/9/2017 15:51:00,572,"Greenland Road, Camden Town",,,
62058853,2040,14746,1/31/2017 16:02:00,45,"Boston Place, Marylebone",1/31/2017 15:28:00,215,"Moorfields, Moorgate",,,
42328952,2940,12295,4/5/2015 20:21:00,36,"De Vere Gardens, Kensington",4/5/2015 19:32:00,153,"Bayswater Road, Hyde Park",,,
60507299,8580,11974,11/23/2016 15:09:00,226,"Charles II Street, West End",11/23/2016 12:46:00,388,"Southampton Street, Strand",,,
54370409,2760,11115,5/30/2016 5:25:00,73,"Old Street Station, St. Luke's",5/30/2016 4:39:00,270,"Kennington Lane Rail Bridge, Vauxhall",,,
62471927,2220,5484,2/18/2017 15:30:00,71,"Newgate Street , St. Paul's",2/18/2017 14:53:00,192,"Wardour Street, Soho",,,
51196741,5280,1307,1/30/2016 13:50:00,386,"Moor Street, Soho",1/30/2016 12:22:00,215,"Moorfields, Moorgate",,,
64768256,11160,12742,5/8/2017 12:26:00,31,"Fanshaw Street, Hoxton",5/8/2017 9:20:00,819,"Belvedere Road 2, South Bank",,,
48867712,5400,5209,10/17/2015 20:01:00,606,"Addison Road, Holland Park",10/17/2015 18:31:00,191,"Hyde Park Corner, Hyde Park",,,
49063632,-1980,4142,10/25/2015 1:01:00,62,"Cotton Garden Estate, Kennington",10/25/2015 1:34:00,336,"Concert Hall Approach 2, South Bank",,,
49568855,5220,621,11/12/2015 17:28:00,748,"Hertford Road, De Beauvoir Town",11/12/2015 16:01:00,251,"Brushfield Street, Liverpool Street",,,
54967817,4800,6890,6/17/2016 13:27:00,278,"Tooley Street, Bermondsey",6/17/2016 12:07:00,303,"Albert Gate, Hyde Park",,,
43722029,1980,9588,5/21/2015 16:48:00,269,"Empire Square, The Borough",5/21/2015 16:15:00,94,"Bricklayers Arms, Borough",,,
65483404,6720,5905,5/28/2017 21:29:00,408,"Paddington Green Police Station, Paddington",5/28/2017 19:37:00,40,"Commercial Street, Shoreditch",,,
49846435,2460,9378,11/25/2015 9:07:00,20,"Drummond Street , Euston",11/25/2015 8:26:00,720,"Star Road, West Kensington",,,
45888638,4680,4205,7/19/2015 18:33:00,658,"Ethelburga Estate, Battersea Park",7/19/2015 17:15:00,412,"Cleaver Street, Kennington",,,
49193876,3360,1633,10/29/2015 15:07:00,684,"Neville Gill Close, Wandsworth",10/29/2015 14:11:00,684,"Neville Gill Close, Wandsworth",,,
49626418,2100,1307,11/15/2015 14:51:00,24,"British Museum, Bloomsbury",11/15/2015 14:16:00,591,"Westfield Library Corner, Shepherd's Bush",,,
44470587,2880,12376,6/13/2015 0:06:00,457,"Castlehaven Road, Camden Town",6/12/2015 23:18:00,276,"Lower Thames Street, Monument",,,